{
  "last_epoch": 49,
  "global_step": 74550,
  "best_metric_name": "val_vector_ready_score",
  "best_metric_value": 0.48708944367284457,
  "val_loss": 0.9080894465911835,
  "val_vector_ready_score": 0.48071888463122864,
  "val_mIoU": 0.4726090494875104,
  "door_arc_IoU": 0.3525841161530069,
  "door_leaf_IoU": 0.26040516620210674,
  "door_origin_IoU": 0.21395358944846432,
  "wall_boundary_F1": 0.6190407109757156,
  "arch_version": "v4_seven_class_doors",
  "run_name": "segformer_b0_run3",
  "class_weights": [
    0.10000000149011612,
    0.11415566504001617,
    0.3000026047229767,
    0.9591663479804993,
    1.1790814399719238,
    3.6692841053009033,
    3.581028938293457
  ]
}