{
  "last_epoch": 49,
  "global_step": 74550,
  "best_metric_name": "val_vector_ready_score",
  "best_metric_value": 0.5564611282804639,
  "val_loss": 0.8236468700482884,
  "val_vector_ready_score": 0.5526922678151631,
  "val_mIoU": 0.5551345389268916,
  "opening_IoU": 0.3801707344337232,
  "opening_boundary_F1": 0.4293873470146996,
  "arch_version": "v3_weighted_ce_dice",
  "run_name": "segformer_b0_v005_opening_weighted",
  "class_weights": [
    0.21961989998817444,
    0.8078190684318542,
    2.4280283451080322,
    0.4176682233810425,
    1.2236533164978027
  ]
}